pop,distance,N,auto.2N,chrZ.2N,color.N,H3,chr8.3144828,chr8.3160776,chrZ.67547840,chrZ.INV1
BR,0,5,10,7,0,NA,10,9,7,7
MH,304.3,31,62,53,88,531.77,62,62,53,53
EL,470.49,26,52,41,12,533.4,52,52,41,41
NL,508.94,32,64,55,46,526.07,64,63,55,55
SV,541.08,25,50,37,25,542.52,50,49,37,36
HV,549.41,4,8,5,0,NA,8,8,5,5
EQ.DD,563.3,28,56,44,0,NA,56,55,44,41
WN.KRR,576.86,55,110,84,76,529.82,110,110,84,71
WN.CD,583.06,36,72,52,0,NA,72,71,50,43
CI,603.88,60,120,92,0,NA,120,117,92,75
FT,618.3,80,160,141,0,NA,158,157,137,100
AQ,628.23,57,114,93,0,NA,113,113,92,66
KA,629.62,17,34,24,0,NA,33,33,24,15
BH,633.79,59,118,100,0,NA,118,114,99,66
KU,639.87,5,10,7,0,NA,10,10,7,1
LA,641.69,42,84,71,0,NA,84,84,71,33
SP,646.92,70,140,115,67,540.33,138,137,115,59
NW,677.89,30,60,49,15,533.87,59,60,49,15
KR,672.45,50,100,76,0,NA,100,96,75,22
AG,803.05,40,80,62,93,540.85,52,68,59,0
CO,858.05,23,46,38,68,543.91,28,28,38,0
KS,869.8,15,30,22,18,550.17,16,16,19,0
KP,906.21,3,6,4,0,NA,2,2,4,0
MO,927.57,9,18,14,6,540.67,9,10,14,0
WR,946.15,20,40,31,33,562.15,16,28,29,0
TP,881.97,25,50,40,56,579.36,8,22,36,0
ST,966.23,26,52,36,66,564.2,22,25,32,0
MY,1138.57,15,30,26,27,582.44,2,6,0,0
PR,1241.28,3,6,4,0,NA,2,1,0,0
OC,1294.23,43,86,72,27,581.63,3,11,0,0
LS,1376.33,3,6,6,0,NA,1,1,0,0
MA,1401.95,13,26,17,32,585.5,2,4,0,0
CH,1783.76,20,40,34,70,587.17,1,6,0,0
LH,1814.7,14,28,22,0,NA,0,3,0,0